benchmark,WebPL,WebPL (with GC),SWI-Prolog
chat\_parser,262144.0,65536.0,3128937.904761905
crypt,16384.0,16384.0,3477081.526717557
derive,32768.0,32768.0,3005071.744
divide10,16384.0,16384.0,2404893.056
fib,16777216.0,32768.0,801673.2193308551
log10,8192.0,8192.0,2670379.392
mu,16384.0,16384.0,2428682.624
nreverse,262144.0,131072.0,2543501.696
ops8,8192.0,8192.0,2406531.456
poly\_10,16777216.0,262144.0,2279074.604651163
qsort,262144.0,65536.0,2785526.144
queens\_8,65536.0,32768.0,1022137.9154929577
query,4096.0,4096.0,3412337.094017094
tak,67108864.0,16777216.0,9707504.0
times10,8192.0,8192.0,2658779.52
zebra,16384.0,16384.0,1639075.9673024523